# Structured Query Language(sql)[Sequel] Fundamentals
## @Author : M3tr1c_r00t

![image](https://user-images.githubusercontent.com/99975622/227594392-1b80bd61-1c56-4df7-841c-d617b58c8094.png)

### Types of Databases
#### 1). Relational Databases
- Most common.
- It uses a schema, a template, to dictate the data structure stored in the database.
- However, when processing an integrated database, a concept is required to link one table to another using its key, called a relational database management system (RDBMS).
- They include : __Microsoft Access, MySQL, SQL Server, Oracle, PostgreSQL__ and many others.
- The relationship between tables within a database is called a Schema.

#### Non-Relational Databases(NoQSL database)
- They don't use tables, rows, and columns or prime keys, relationships, or schemas.
- Instead, a NoSQL database stores data using various storage models, depending on the type of data stored. 
- Are very scalable and flexible. 
- Therefore, when dealing with datasets that are not very well defined and structured, a NoSQL database would be the best choice for storing such data.

There are four common storage models for NoSQL databases:
- Key-Value(Stores data in json/xml and has a key for each pair. Data is stored as its value.{Almost similar to python/php dictionaries})
- Document-Based
- Wide-Column
- Graph

Most common NoSQL database in MongoDB.

### SQL commands
#### 1). Creating a database.
```
mysql> CREATE DATABASE database_name;
Query OK, 1 row affected (0.02 sec)
```
__listing Databases__
```
Mysql> SHOW DATABASES;
```
__Interact/Select a database__
```
mysql> Use database_name;
```
__Creating tables__

```
CREATE TABLE logins (
    id INT,
    username VARCHAR(100),
    password VARCHAR(100),
    date_of_joining DATETIME
    );
```

__List tables__
```
mysql> SHOW tables;
```
__List table structure__
The DESCRIBE keyword is used to list the table structure with its fields and data types.
```
mysql> DESCRIBE table_name;
```
__Auto Increment data in a field__
 We can set the id column to auto-increment using the AUTO_INCREMENT keyword, which automatically increments the id by one every time a new item is added to the table:
```
Id INT NOT NULL AUTO_INCREMENT,
```
The NOT NULL constraint ensures that a particular column is never left empty ‘i.e., required field.’ 

We can also use the UNIQUE constraint to ensures that the inserted item are always unique.
```
Username VARCHAR(100) UNIQUE NOT NULL,
```
If we use it with the username column, we can ensure that no two users will have the same username.
__Default Value__
the DEFAULT keyword is used to specify the default value. For example, within the date_of_joining column, we can set the default value to Now(), which in MySQL returns the current date and time.
```
Date_of_joining DATETIME DEFAULT NOW(),
```
__Primary Key__
Is used to uniquely identify each record in the table, referring to all data of a record within a table for relational databases.
```
PRIMARY KEY (id)
```
__Final Outlook...__
```
CREATE TABLE logins (
    Id INT NOT NULL AUTO_INCREMENT,
    Username VARCHAR(100) UNIQUE NOT NULL,
    Password VARCHAR(100) NOT NULL,
    Date_of_joining DATETIME DEFAULT NOW(),
    PRIMARY KEY (id)
    );

```

__Insert Keyword__
```
INSERT INTO table_name VALUES (column1_value, column2_value, column3_value, ...);
```
The syntax above requires the user to fill in values for all the columns present in the table.
```
Mysql> INSERT INTO logins VALUES(1, ‘admin’, ‘p@ssw0rd’, ‘2020-07-02’);
```
__Inserting Multiple data__
```
Mysql> INSERT INTO logins(username, password) VALUES (‘john’, ‘john123!’), (‘tom’, ‘tom123!’);
```
__Select Keyword__
Used to retrieve data from the database tables.
This retrieves everything from the table.
```
SELECT * FROM table_name;
```
This specifies the specific columsn you want.
```
SELECT column1, column2 FROM table_name;
```

__Removing tables/Databases__
We can use DROP to remove tables and databases from the server.
```
mysql> DROP TABLE logins;
```
The ‘DROP’ statement will permanently and completely delete the table with no confirmation, so it should be used with caution.
__Alter Keyword__
 We can use ALTER to change the name of any table and any of its fields or to delete or add a new column to an existing table.
 
The below example adds a new column Testing to the logins table using ADD:
```
Mysql> ALTER TABLE logins ADD Testing INT;
```

To __rename a column,__ we can use RENAME COLUMN:
```
mysql> ALTER TABLE logins RENAME COLUMN Testing TO wowo;
```

##### Sorting
We can use the ORDER BY to sort data
```
mysql> SELECT * FROM logins ORDER BY password;

+----+---------------+------------+---------------------+
| id | username      | password   | date_of_joining     |
+----+---------------+------------+---------------------+
|  2 | administrator | adm1n_p@ss | 2020-07-02 11:30:50 |
|  3 | john          | john123!   | 2020-07-02 11:47:16 |
|  1 | admin         | p@ssw0rd   | 2020-07-02 00:00:00 |
|  4 | tom           | tom123!    | 2020-07-02 11:47:16 |
+----+---------------+------------+---------------------+
4 rows in set (0.00 sec)
```
We can arrange the data in descending and Ascending order.
```
mysql> SELECT * FROM logins ORDER BY password DESC;

+----+---------------+------------+---------------------+
| id | username      | password   | date_of_joining     |
+----+---------------+------------+---------------------+
|  4 | tom           | tom123!    | 2020-07-02 11:47:16 |
|  1 | admin         | p@ssw0rd   | 2020-07-02 00:00:00 |
|  3 | john          | john123!   | 2020-07-02 11:47:16 |
|  2 | administrator | adm1n_p@ss | 2020-07-02 11:30:50 |
+----+---------------+------------+---------------------+
4 rows in set (0.00 sec)
```

You can sort by multiple columns. This is good if there is duplicate data on the first.
```
mysql> SELECT * FROM logins ORDER BY password DESC, id ASC;

+----+---------------+-----------------+---------------------+
| id | username      | password        | date_of_joining     |
+----+---------------+-----------------+---------------------+
|  1 | admin         | p@ssw0rd        | 2020-07-02 00:00:00 |
|  2 | administrator | change_password | 2020-07-02 11:30:50 |
|  3 | john          | change_password | 2020-07-02 11:47:16 |
|  4 | tom           | change_password | 2020-07-02 11:50:20 |
+----+---------------+-----------------+---------------------+
4 rows in set (0.00 sec)
```

#### Limit
We can use the LIMIT to get a specific number of data that we want out of a large piece of data.
```
mysql> SELECT * FROM logins LIMIT 2;

+----+---------------+------------+---------------------+
| id | username      | password   | date_of_joining     |
+----+---------------+------------+---------------------+
|  1 | admin         | p@ssw0rd   | 2020-07-02 00:00:00 |
|  2 | administrator | adm1n_p@ss | 2020-07-02 11:30:50 |
+----+---------------+------------+---------------------+
2 rows in set (0.00 sec)
```
We can use the LIMIT to offset the results.
```
mysql> SELECT * FROM logins LIMIT 1, 2;

+----+---------------+------------+---------------------+
| id | username      | password   | date_of_joining     |
+----+---------------+------------+---------------------+
|  2 | administrator | adm1n_p@ss | 2020-07-02 11:30:50 |
|  3 | john          | john123!   | 2020-07-02 11:47:16 |
+----+---------------+------------+---------------------+
2 rows in set (0.00 sec)
```

#### Where
Used to get specific data from a table;
```
SELECT * FROM table_name WHERE <condition>;
Example 1
mysql> SELECT * FROM logins WHERE id > 1;

+----+---------------+------------+---------------------+
| id | username      | password   | date_of_joining     |
+----+---------------+------------+---------------------+
|  2 | administrator | adm1n_p@ss | 2020-07-02 11:30:50 |
|  3 | john          | john123!   | 2020-07-02 11:47:16 |
|  4 | tom           | tom123!    | 2020-07-02 11:47:16 |
+----+---------------+------------+---------------------+
3 rows in set (0.00 sec)
Example 2
mysql> SELECT * FROM logins where username = 'admin';

+----+----------+----------+---------------------+
| id | username | password | date_of_joining     |
+----+----------+----------+---------------------+
|  1 | admin    | p@ssw0rd | 2020-07-02 00:00:00 |
+----+----------+----------+---------------------+
1 row in set (0.00 sec)
```
#### Like(Kinda similar to grep)
% means match all the characters after admin.
```
mysql> SELECT * FROM logins WHERE username LIKE 'admin%';

+----+---------------+------------+---------------------+
| id | username      | password   | date_of_joining     |
+----+---------------+------------+---------------------+
|  1 | admin         | p@ssw0rd   | 2020-07-02 00:00:00 |
|  4 | administrator | adm1n_p@ss | 2020-07-02 15:19:02 |
+----+---------------+------------+---------------------+
2 rows in set (0.00 sec)
```
 The _ symbol is used to match exactly one character. 
```
mysql> SELECT * FROM logins WHERE username like '___';

+----+----------+----------+---------------------+
| id | username | password | date_of_joining     |
+----+----------+----------+---------------------+
|  3 | tom      | tom123!  | 2020-07-02 15:18:56 |
+----+----------+----------+---------------------+
1 row in set (0.01 sec)
```

### SQL Operators
#### AND (Can be presented as &&)
The result of the AND operation is true if and only if both condition1 and condition2 evaluate to true.
```
mysql> SELECT 1 = 1 AND 'test' = 'test';

+---------------------------+
| 1 = 1 AND 'test' = 'test' |
+---------------------------+
|                         1 |
+---------------------------+
1 row in set (0.00 sec)
```

#### OR (Can be presented as || )
The OR operator takes in two expressions as well, and returns true when at least one of them evaluates to true.
```
mysql> SELECT 1 = 1 OR 'test' = 'abc';

+-------------------------+
| 1 = 1 OR 'test' = 'abc' |
+-------------------------+
|                       1 |
+-------------------------+
1 row in set (0.00 sec)

mysql> SELECT 1 = 2 OR 'test' = 'abc';

+-------------------------+
| 1 = 2 OR 'test' = 'abc' |
+-------------------------+
|                       0 |
+-------------------------+
1 row in set (0.00 sec)
```
#### NOT (Can be presented as !)
he NOT operator simply toggles a boolean value 'i.e. true is converted to false and vice versa'.
```

mysql> SELECT NOT 1 = 1;

+-----------+
| NOT 1 = 1 |
+-----------+
|         0 |
+-----------+
1 row in set (0.00 sec)

mysql> SELECT NOT 1 = 2;

+-----------+
| NOT 1 = 2 |
+-----------+
|         1 |
+-----------+
1 row in set (0.00 sec)
```

NB Use bodmas when doing equations.
```
UPDATE table_name SET column1 = 'value`' WHERE column2 = 'value2';
```
For example, to update the salary column of the employees table for all employees who have a department value of 'Sales', you can use the following SQL statement:
```
UPDATE employees SET salary = 50000 WHERE department = 'Sales';
```



## My socials:
<br>@ twitter: https://twitter.com/M3tr1c_r00t
<br>@ instagram: https://instagram.com/m3tr1c_r00t/
